cloneId	readCount	readFraction	targetSequences	targetQualities	allVHitsWithScore	allDHitsWithScore	allJHitsWithScore	allCHitsWithScore	allVAlignments	allDAlignments	allJAlignments	allCAlignments	nSeqFR1	minQualFR1	nSeqCDR1	minQualCDR1	nSeqFR2	minQualFR2	nSeqCDR2	minQualCDR2	nSeqFR3	minQualFR3	nSeqCDR3	minQualCDR3	nSeqFR4	minQualFR4	aaSeqFR1	aaSeqCDR1	aaSeqFR2	aaSeqCDR2	aaSeqFR3	aaSeqCDR3	aaSeqFR4	refPoints
0	8.0	0.25	ATTGTGCTCACACAGTCTGAACAGTCAGTAAGTGTGTCTCCGAGAGGATCTGTTAAGCTGACCTGTGCATGCAGTGGATTCACTCTTAGTAGTTACAGGATGCACTGGATCCGTCAGGCACCAGGAAAAGGACTGGAATGGATTTTGCACTTTTATTCAAATTCTGACAATGGTGCAACTCAGTCAGTGCAGGGCAGATTCACAGCATCTAAAGACAGCTCTAATTTCTATCTGCACATGAATCAACTGAAGACTGAGGACACTGCAGTGTATTACTGTGCAAGAGGGATAACAACAGGTGCCTTTGACTACTGGGGAAAGGGAACAATGGTCACTGTCACATCAG	[[[[[[[[[[[[[[[[[[[[[[[[[[[[[[[[[[[[[[[[[[[[[[[[[[[[[[[[[[[[[[[[[[[[[[[[[[[[[[[[[[[[[[[[[[[[[[[[[[[[[[[[[[[[[[[[[[[[[[[[[[[[[[[[[[[[[[[[[[[[[[[[[[[[[[[[[[[[[[[[[[[[[[[[[[[[[[[[[[[[[[[[[[[[[[[[[[[[[[[[[[[[[[[[[[[[[[[[[[[[[[[[[[[[[[[[[[[[[[[[[[[[[[[[[[[[[[[[[[[[[[[[[[[[[[[[[[[[[[[[[[[[[[[[[[[[[[[[[[[[[[[[[[[[[[[[[[[[[[[[[[[[[[[[[[[[[[[[[[[[[[[[[[	IGHV9-1*01(2813)	IGHD1-M*01(30)	IGHJ2-M*01(490)	IGHM*01(349.3)	0|290|309|0|290|SC92TSG177ASA286G|2813.0	13|19|33|290|296||30.0	22|71|71|297|346||490.0		ATTGTGCTCACACAGTCTGAACAGTCAGTAAGTGTGTCTCCGAGAGGATCTGTTAAGCTGACCTGTGCATGCAGT	58	GGATTCACTCTTAGTAGTTACAGG	58	ATGCACTGGATCCGTCAGGCACCAGGAAAAGGACTGGAATGGATTTTG	58	CACTTTTATTCAAATTCTGACAAT	58	GGTGCAACTCAGTCAGTGCAGGGCAGATTCACAGCATCTAAAGACAGCTCTAATTTCTATCTGCACATGAATCAACTGAAGACTGAGGACACTGCAGTGTATTAC	58	TGTGCAAGAGGGATAACAACAGGTGCCTTTGACTACTGG	58	GGAAAGGGAACAATGGTCACTGTCACATCAG	58	IVLTQSEQSVSVSPRGSVKLTCACS	GFTLSSYR	MHWIRQAPGKGLEWIL	HFYSNSDN	GATQSVQGRFTASKDSSNFYLHMNQLKTEDTAVYY	CARGITTGAFDYW	GKGTMVTVTS_	::::0:75:99:147:171:276:1:290:290:-2:-3:296:297:-2:315:346::
1	3.0	0.09375	TCATTTGAACTCACTCAGCCTGATTCTCTGACTGTCCGTCCTGATGACTCTCTCACTATCAACTGCAGAGTCTCATATTCAGTCACTAGTGAACGCACAGCCTGGATTCGTCAGCCTGCAGGAAAAGCTCTGGAGTGGATTGGAGTTATCTATTATGATGGAAGCTTAGCCTACAAGGATTCTCTGAAAAGCAAGTTCAGCATCAGCAGAGACACTTCCAGTAACACAATAACACTGCAAGGAAAGAATGTGAAAGCTGAAGACACAGCTGTGTATTATTGTGCCAGATATAACAACAATGCTGCCTTTGACTACTGGGGAAAAGGCACGATGGTCACAGTGACATCAG	IIIIIIIIIIIIIIIIIIIIIIIIIIIIIIIIIIIIIIIIIIIIIIIIIIIIIIIIIIIIIIIIIIIIIIIIIIIIIIIIIIIIIII7IIIIIIIIIIIIIIIIIIIIIIIIIIIIIII77IIIIIIIIIIIIIIIIIIIIIIIIIIIIIIIIIIIIIIIIIIIIIIIIIIIIIIIIIIIIIIIIIIIIIIIIIEIIIIIIIIIIIIIIIIIIIIIIIIIIIIIIIIIIIIIIIIIIIIIIIIIIIIIIIIIIIIIIIIIIIIIIIIIIIIIIIIIIIIIIIIIIIIIIIIIIIIIIIIIIIIIIIIIIIIIIIIIIIIIIIIIIIIIIIIIIIIIIIIIIIIIIIIII	IGHV5-1-3*01(2880)	IGHD1-M*01(35),IGHD2-M*01(35),IGHD5-M*01(30)	IGHJ3-M*01(540)	IGHM*01(350)	0|288|312|0|288||2880.0	10|17|33|288|295||35.0;15|22|36|288|295||35.0;10|16|33|288|294||30.0	20|74|74|295|349||540.0		TCATTTGAACTCACTCAGCCTGATTCTCTGACTGTCCGTCCTGATGACTCTCTCACTATCAACTGCAGAGTCTCA	40	TATTCAGTCACTAGTGAACGC	22	ACAGCCTGGATTCGTCAGCCTGCAGGAAAAGCTCTGGAGTGGATTGGAGTT	22	ATCTATTATGATGGAAGCTTA	40	GCCTACAAGGATTCTCTGAAAAGCAAGTTCAGCATCAGCAGAGACACTTCCAGTAACACAATAACACTGCAAGGAAAGAATGTGAAAGCTGAAGACACAGCTGTGTATTAT	36	TGTGCCAGATATAACAACAATGCTGCCTTTGACTACTGG	40	GGAAAAGGCACGATGGTCACAGTGACATCAG	40	SFELTQPDSLTVRPDDSLTINCRVS	YSVTSER	TAWIRQPAGKALEWIGV	IYYDGSL	AYKDSLKSKFSISRDTSSNTITLQGKNVKAEDTAVYY	CARYNNNAAFDYW	GKGTMVTVTS_	::::0:75:96:147:168:279:-4:288:288:1:-5:295:295:0:318:349::
2	2.0	0.0625	TGTGTTGAACTGACCCAGACTGATTCTTTGGTCTTGAGGCCTGGTCAAGTGTTGACTCTGTCCTGTAAAATCTCTGGATATTCAGTGACCGACAGTAGCTACTGCACAAACTTCATACGACAGGCTGCAGGAAAAGCTCTGGAATGGATTGGGAGGATCTGTGGTAGTGGTAGCACATATTACAGCGATAAACTGAAAAGTAGATTCACAGTTAGCAGAGACTCTTCCAGCAGCAGCGTGACTCTGAGTGGACAGAATATGCAGACTGAGGACACAGCTGTGTATTACTGCGCCAGAGAAGATATTGCCTTTGACTACTGGGGAAAGGGAACAATGGTCACTGTCACATCAG	[[[[[[[[[[[[[[[[[[YY[[[[Y[[[[[[[[[Y[[[Y[[Y[[[[[[[[[[[[[[[[[[[[[[[[Y[[[[[[[[[[Y[Y[[[[Y[[[[[[[[[[[[[[[Y[[[[[Y[[[[[[[[[[[Y[[[[[[[[[U[[[[[[[[[[[[[U[[[[[[[[[[[[[[[[[[[[[[[[[[[[[[[[[[[[[[[[[[[[[[U[[[[[[[[[[[[[[[[[[[[[[[[[[[[[[[[[[[[[[[[[[[[[[[[[[[[[[[[[[[[[[[[[[[[[[[[[[[Y[[[[[[[[[[[[[[[[[[[[[[[[[[[[[[[[[[YY[YY[[[Y[[[[[[[[[[[[[[Y[[Y[[[[[Y[[[[[[[[Y[[[Y[Y[[[[	IGHV5-5-1*01(2990)		IGHJ2-M*01(470)	IGHM*01(350)	0|299|321|0|299||2990.0		24|71|71|305|352||470.0		TGTGTTGAACTGACCCAGACTGATTCTTTGGTCTTGAGGCCTGGTCAAGTGTTGACTCTGTCCTGTAAAATCTCT	56	GGATATTCAGTGACCGACAGTAGCTACTGC	56	ACAAACTTCATACGACAGGCTGCAGGAAAAGCTCTGGAATGGATTGGGAGG	52	ATCTGTGGTAGTGGTAGCACA	58	TATTACAGCGATAAACTGAAAAGTAGATTCACAGTTAGCAGAGACTCTTCCAGCAGCAGCGTGACTCTGAGTGGACAGAATATGCAGACTGAGGACACAGCTGTGTATTAC	52	TGCGCCAGAGAAGATATTGCCTTTGACTACTGG	56	GGAAAGGGAACAATGGTCACTGTCACATCAG	56	CVELTQTDSLVLRPGQVLTLSCKIS	GYSVTDSSYC	TNFIRQAAGKALEWIGR	ICGSGST	YYSDKLKSRFTVSRDSSSSSVTLSGQNMQTEDTAVYY	CAREDIAFDYW	GKGTMVTVTS_	::::0:75:105:156:177:288:-2:299:::::305:-4:321:352::
3	2.0	0.0625	TGTGTTGAACTGACCCAGACTGATTCTTTGGTCTTGAGGCCTGGTCAAGTGTTGACTCTGTCCTGTAAAATCTCTGGATATTCAGTGACCGACAGTAGGTACTGCACAAACTTCATACGACAGGGTACAGGAAAAGTTCTGGAATGGATTGGGAGGATCTGTGGTAGTGGTAGCACATATTACAGCGATAAACTGAAAAGTAGATTCACAGTTAGCAGAGACTCTTCCAGCAGCAGCGTGACTCTGAGTGGACAGAATATGCAGACTGAGGACACAGCTGTGTATTACTGCGCCAGAGATAACAACTACTACTTTGACTACTGGGGTAAAGGAACCAAAGTGACAGTTTCCTCAG	IIIIIIIIIIIIIIIIIIIIIIIIIIIIIIIIIIIIIIIIIIIIIIIIIIIIIIIIIIIIIIIIIIIIIIIIIIIIIIIIIIIIIIIIIIIIIIIIIIIIIIIIIIIIIIIIIIIIIIIIIIIIIIIIIIIIIIIIIIIIIIIIIIIIIIIIIIIIIIIIIIIIIIIIIIIII<IIIIIIIIIIIIIIIIIIIIIIIIIIIIIIIIIIIIIIIIIIIIIIIIIIIIIIIIIIIIIIIIIIIIIIIIIIIIIIIIIIIIIIIIIIIIIIIIIIIIIIIIIIIIIIIIIIIIIIIIIIIIIIIIIIIIIIIIIIIIIIIIIIIIIIIIIIIIIIIIIIIIIIIIIIIIIIIIIIIII	IGHV5-5-1*01(2874)	IGHD1-M*01(25),IGHD2-M*01(25)	IGHJ1-M*01(510)	IGHM*01(350)	0|299|321|0|299|SC98GSC124GSG126ASC136T|2874.0	12|17|33|299|304||25.0;17|22|36|299|304||25.0	20|71|71|304|355||510.0		TGTGTTGAACTGACCCAGACTGATTCTTTGGTCTTGAGGCCTGGTCAAGTGTTGACTCTGTCCTGTAAAATCTCT	40	GGATATTCAGTGACCGACAGTAGGTACTGC	40	ACAAACTTCATACGACAGGGTACAGGAAAAGTTCTGGAATGGATTGGGAGG	40	ATCTGTGGTAGTGGTAGCACA	27	TATTACAGCGATAAACTGAAAAGTAGATTCACAGTTAGCAGAGACTCTTCCAGCAGCAGCGTGACTCTGAGTGGACAGAATATGCAGACTGAGGACACAGCTGTGTATTAC	40	TGCGCCAGAGATAACAACTACTACTTTGACTACTGG	40	GGTAAAGGAACCAAAGTGACAGTTTCCTCAG	40	CVELTQTDSLVLRPGQVLTLSCKIS	GYSVTDSRYC	TNFIRQGTGKVLEWIGR	ICGSGST	YYSDKLKSRFTVSRDSSSSSVTLSGQNMQTEDTAVYY	CARDNNYYFDYW	GKGTKVTVSS_	::::0:75:105:156:177:288:-2:299:299:-1:-5:304:304:0:324:355::
4	2.0	0.0625	CAAGGCATGGAGTCAATTGAAAGCTCAGTTCAGAAAAAGCCTGGAGAAACTCTGACTCTGTCCTGTAGAGGATCCGGATTCACCTTTAGCTACTATCACATGCACTGGATCAGACAACAAGCTGGAAAACCTCTTGTATGGATTGGACACACTGGCCAAAACTATGCTGAATCCTTCAAAGGAAGAGCTGAAATCACCAAAGATAATTCAAAGAGTATGACATATCTGAAACTATCAGGCCTGACACCAGAAGATTCAGCCGTGTATTACTGTGCAAGAGAATATTATAACTGTGCCTTTGACTACTGGGGAAAGGGAACAATGGTCACTGTCACATCAG	[[[[[[[[[[[[[[[[[[[[[[[[[[[[[[[[[[[[[[[[[[[[[[[[[[[[[[[[[[[[[[[[[[[[[[[[[[[[[[[[[[[[[[[[[[[[[[[[[[[[[[[[[[[[[[[[[[[[[[[[[[[[[[[[[[[[[[[[[[[[[[[[[[[[[[[[[[[[[[[[[[[[[[[[[[[[[[[[[[[[[[[[[[[[[[[[[[[[[[[[[[[[[[I[[[[[[[[[[[[[[[[[[[[[[[[[[[[[[[[[[[[[[[[[[[[[[[[[[[[[[[[[[[[[[[[[[[[[[[[[[[[[[[[[[[[[[[[[[[[[[[[[[[[[[[[[[[[[[[[[[[[[[[[[[[[[[[[[[[[[	IGHV4-6-1*01(2831)		IGHJ2-M*01(481)	IGHM*01(350)	0|286|303|0|286|SG77A|2831.0		20|71|71|289|340|SG22T|481.0		CAAGGCATGGAGTCAATTGAAAGCTCAGTTCAGAAAAAGCCTGGAGAAACTCTGACTCTGTCCTGTAGAGGATCC	58	GGATTCACCTTTAGCTACTATCAC	58	ATGCACTGGATCAGACAACAAGCTGGAAAACCTCTTGTATGGATTGGA	58	CACACTGGCCAA	58	AACTATGCTGAATCCTTCAAAGGAAGAGCTGAAATCACCAAAGATAATTCAAAGAGTATGACATATCTGAAACTATCAGGCCTGACACCAGAAGATTCAGCCGTGTATTAC	40	TGTGCAAGAGAATATTATAACTGTGCCTTTGACTACTGG	58	GGAAAGGGAACAATGGTCACTGTCACATCAG	58	QGMESIESSVQKKPGETLTLSCRGS	GFTFSYYH	MHWIRQQAGKPLVWIG	HTGQ	NYAESFKGRAEITKDNSKSMTYLKLSGLTPEDSAVYY	CAREYYNCAFDYW	GKGTMVTVTS_	::::0:75:99:147:159:270:3:286:::::289:0:309:340::
5	1.0	0.03125	TTATATGAACTCACTCAGCCTGAGTCTCTGACTGTCCATCCTGATGACTCTCTCACTATCAACTGCAGAGTCTCATATTCAGTCACAAGTGAACACACAGCCTGGATTCGTCAGCCTGCAGGGAAAGCTCTGGAGTGGATTGGTGTTATCTACTCTTTTGGAGGCTTAGACTACAAGGATTCTCTGAAGACCAAGTTCAGCATTACCAGAGACACTTCCAGTAACACAATAACACTGCATGGAAAGAATGTGAAAGCTGAAGACACAGCTGTGTATTATTGTGCCAGGCATGGAGCTAATGCTTTTGACTACTGGGGGAAAGGAACTATGGTCACCGTCTCGTCAG	IIIIIIIIIIIIIIIIIIIIIIIIIIIIIIIIIIIIIIIIIIIIIIIIIIIIIIIIIIIIIIIIIIIIIIIIIIIIIIIIIIIIIIIIIIIIIIIIIIIIIIIIIIIIIIIIIIIIIIIIIIIIIII<IIIIIIIIIIIIIIIIIIIIIIIIIIIIIIII<IIIIIIIIIIIIIIIIIIIIIIIIIIIIIIIIIIIIIIIIIIIIIIIIIIIIIIIIIIIIIIIIIIIIIIIIIIIIIIIIIIIIIIIIIIIIIIIIIIIIIIIIIIIIIIIIIIIIIIIIIIIIIIIIIIIIIIIIIIIIIIIIIIIIIIIIIIIIIIIIIIIIIIIIIIIIIIIIIIIIIIIII	IGHV5-1-1*01(2870)	IGHD3-M*01(40)	IGHJ4-M*01(490)	IGHM*01(350)	0|287|312|0|287||2870.0	10|18|33|287|295||40.0	22|71|71|297|346||490.0		TTATATGAACTCACTCAGCCTGAGTCTCTGACTGTCCATCCTGATGACTCTCTCACTATCAACTGCAGAGTCTCA	40	TATTCAGTCACAAGTGAACAC	40	ACAGCCTGGATTCGTCAGCCTGCAGGGAAAGCTCTGGAGTGGATTGGTGTT	27	ATCTACTCTTTTGGAGGCTTA	27	GACTACAAGGATTCTCTGAAGACCAAGTTCAGCATTACCAGAGACACTTCCAGTAACACAATAACACTGCATGGAAAGAATGTGAAAGCTGAAGACACAGCTGTGTATTAT	40	TGTGCCAGGCATGGAGCTAATGCTTTTGACTACTGG	40	GGGAAAGGAACTATGGTCACCGTCTCGTCAG	40	LYELTQPESLTVHPDDSLTINCRVS	YSVTSEH	TAWIRQPAGKALEWIGV	IYSFGGL	DYKDSLKTKFSITRDTSSNTITLHGKNVKAEDTAVYY	CARHGANAFDYW	GKGTMVTVSS_	::::0:75:96:147:168:279:-5:287:287:1:-4:295:297:-2:315:346::
6	1.0	0.03125	TTATATGAACTCACTCAGCCTGAGTCTCTGACTGTCCATCCTGATGACTCTCTCACTATCAACTGCAGAGTCTCATATTCAGTCACAAGTGAACACACAGCCTGGATTCGTCAGCCTGCAGGGAAAGCTCTGGAGTGGATTGGTGTTATCTACTCTTTTGGAGGCTTAGACTACAAGGATTCTCTGAAGACCAAGTTCAGCATTACCAGAGACACTTCCAGTAACACAATAACACTGCATGGAAAGAATGTGAAAGCTGAAGACACAGCTGTGTATTATTGTGCCAGACAGTATAACAGGCAGTACGGTGCCTTTGACTACTGGGGAAAGGGAACAATGGTCACTGTCACATCAG	IIIIIIIIIIIIIIIIIIIIIIIIIIIIIIIIIIIIIIIIIIIIIIIIIIIIIIIIIIIII7IIIIIIIIII7II7IIIIIIIIIIIIIIIIIIIIIIIIIIIIII7IIIIIIIIIIIIIIIIIIIIIIIIIIIIIIIIIIIIIIIIIIIIIIIIIIIIIIIIIIIIIIIIIIIIIIIIIIIIIIIIIIIIIIIIIIIIIIIIIIIIIIIIIIIIIIIIIIIIIIIIIIIIIIIIIIIIIIIIIIIIIIIIIIIIIIIIIIIIIIIIIIIIIIIIIIIIIIIIIIIIIIIIIIIIIIIIIIIIIIIIIIIIIIIIIIIIIIIIIIIIIIIIIIIIIIIIIIIIIIIIIIIIIIII	IGHV5-1-1*01(2890)	IGHD2-M*01(50)	IGHJ2-M*01(530)	IGHM*01(350)	0|289|312|0|289||2890.0	13|23|36|289|299||50.0	18|71|71|302|355||530.0		TTATATGAACTCACTCAGCCTGAGTCTCTGACTGTCCATCCTGATGACTCTCTCACTATCAACTGCAGAGTCTCA	22	TATTCAGTCACAAGTGAACAC	22	ACAGCCTGGATTCGTCAGCCTGCAGGGAAAGCTCTGGAGTGGATTGGTGTT	22	ATCTACTCTTTTGGAGGCTTA	40	GACTACAAGGATTCTCTGAAGACCAAGTTCAGCATTACCAGAGACACTTCCAGTAACACAATAACACTGCATGGAAAGAATGTGAAAGCTGAAGACACAGCTGTGTATTAT	40	TGTGCCAGACAGTATAACAGGCAGTACGGTGCCTTTGACTACTGG	40	GGAAAGGGAACAATGGTCACTGTCACATCAG	40	LYELTQPESLTVHPDDSLTINCRVS	YSVTSEH	TAWIRQPAGKALEWIGV	IYSFGGL	DYKDSLKTKFSITRDTSSNTITLHGKNVKAEDTAVYY	CARQYNRQYGAFDYW	GKGTMVTVTS_	::::0:75:96:147:168:279:-3:289:289:-1:-1:299:302:2:324:355::
7	1.0	0.03125	TCATTTGAACTCACTCAGCCTGATTCTCTGACTGTCCGTCCTGATGACTCTCTCACTATCAACTGCAGAGTCTCATATTCAGTCACTAGTGAACGCACAGCCTGGATTCGTCAGCCTGCAGGAAAAGCTCTGGAGTGGATTGGAGTTATCTATTATGATGGAAGCTTAGCCTACAAGGATTCTCTGAAAAGCAAGTTCAGCATCAGCAGAGACACTTCCAGTAACACAATAACACTGCAAGGAAAGAATGTGAAAGCTGAAGACACAGCTGTGTATTATTGTGCCAGATGGAGTGGCGGTGCCTTTGACTACTGGGGAAAGGGAACAATGGTCACTGTCACATCAG	IIIIIIIIIIIIIIIIIIIIIIIIIIIIIIIIIIIIIIIIIIIIIIIIIIIIIIIIIIIIIIIIIIIIIIIIIIIIIIIIIIIIIIIIIIIIIIIIIIIIIIIIIIIIIIIIIIIIIIIIIIIIIIIIIIIIIIIIIIIIIIIIIIIIIIIIIIIIIIIIIIIIIIIIIIIIIIIIIIIIIIIIIIIIIIIIIIIIIIIIIIIIIIIIIIIIIIIIIIIIIIIIIIIIIIIIIIIIIIIIIIIIIIIIIIIIIIIIIIIIIIIIIIIIIIIIIIIIIIIIIIIIIIIIIIIIIIIIIIIIIIIIIIIIIIIIIIIIIIIIIIIIIIIIIIIIIIIIIIIIIIIIII	IGHV5-1-3*01(2880)	IGHD3-M*01(40)	IGHJ2-M*01(500)	IGHM*01(350)	0|288|312|0|288||2880.0	13|21|33|288|296||40.0	21|71|71|296|346||500.0		TCATTTGAACTCACTCAGCCTGATTCTCTGACTGTCCGTCCTGATGACTCTCTCACTATCAACTGCAGAGTCTCA	40	TATTCAGTCACTAGTGAACGC	40	ACAGCCTGGATTCGTCAGCCTGCAGGAAAAGCTCTGGAGTGGATTGGAGTT	40	ATCTATTATGATGGAAGCTTA	40	GCCTACAAGGATTCTCTGAAAAGCAAGTTCAGCATCAGCAGAGACACTTCCAGTAACACAATAACACTGCAAGGAAAGAATGTGAAAGCTGAAGACACAGCTGTGTATTAT	40	TGTGCCAGATGGAGTGGCGGTGCCTTTGACTACTGG	40	GGAAAGGGAACAATGGTCACTGTCACATCAG	40	SFELTQPDSLTVRPDDSLTINCRVS	YSVTSER	TAWIRQPAGKALEWIGV	IYYDGSL	AYKDSLKSKFSISRDTSSNTITLQGKNVKAEDTAVYY	CARWSGGAFDYW	GKGTMVTVTS_	::::0:75:96:147:168:279:-4:288:288:-2:-1:296:296:-1:315:346::
8	1.0	0.03125	TCATTTGAACTCACTCAGCCTGATTCTCTGACTGTCCGTCCTGATGACTCTCTCACTATCAACTGCAGAGTCTCATATTCAGTCACTAGTGAACGCACAGCCTGGATTCGTCAGCCTGCAGGAAAAGCTCTGGAGTGGATTGGAGTTATCTATTATGATGGAAGCTTAGCCTACAAGGATTCTCTGAAAAGCAAGTTCAGCATCAGCAGAGACACTTCCAGTAACACAATAACACTGCAAGGAAAGAATGTGAAAGCTGAAGACACAGCTGTGTATTATTGTGCCAGACGGAGTGGCTGGGCGTTCGACTACTGGGGAAGCGGCACCAAAGTCTCCGTAACAAACA	IIIIIIIIIIIIIIIIIIIIIIIIIIIIIIIIIIIIIIIIIIIIIIIIIIIIIIIIIIIIIIIIIIIIIIIIIIIIIIIIIIIIIIIIIIIIIIIIIIIIIIIIIIIIIIIIIIIIIIIIIIIIIII<IIIIIIIIIII<IIIIIIIIIIIIIIIIIIIIIIIIIIIIIIIIIIIIIIIIIIIIIIIIIII<IIIIIIIIIIIII<IIIIIIIIIIIIIIIIIIIIIIIIIIIIIIIIIIIIIIIIIIIIIIIIIIIIIIIIIIIIIIIIIIIIIIIIIIIIIIIIIIIIIIIIIIIIIIIIIIIIIIIIIIIIIIIIIIIIIIIIIIIIIIIIIIIIIIIIIIII	IGHV5-1-3*01(2900)	IGHD3-M*01(30)	IGHJ5-M*01(500)	IGHM*01(350)	0|290|312|0|290||2900.0	15|21|33|290|296||30.0	23|73|73|296|346||500.0		TCATTTGAACTCACTCAGCCTGATTCTCTGACTGTCCGTCCTGATGACTCTCTCACTATCAACTGCAGAGTCTCA	40	TATTCAGTCACTAGTGAACGC	40	ACAGCCTGGATTCGTCAGCCTGCAGGAAAAGCTCTGGAGTGGATTGGAGTT	27	ATCTATTATGATGGAAGCTTA	40	GCCTACAAGGATTCTCTGAAAAGCAAGTTCAGCATCAGCAGAGACACTTCCAGTAACACAATAACACTGCAAGGAAAGAATGTGAAAGCTGAAGACACAGCTGTGTATTAT	27	TGTGCCAGACGGAGTGGCTGGGCGTTCGACTACTGG	40	GGAAGCGGCACCAAAGTCTCCGTAACAAACA	40	SFELTQPDSLTVRPDDSLTINCRVS	YSVTSER	TAWIRQPAGKALEWIGV	IYYDGSL	AYKDSLKSKFSISRDTSSNTITLQGKNVKAEDTAVYY	CARRSGWAFDYW	GSGTKVSVTN_	::::0:75:96:147:168:279:-2:290:290:-4:-1:296:296:-3:315:346::
9	1.0	0.03125	TGTCAGACATTTACTCAGTCTGAAGCTGTGGTTAAAAAACCAGGAGAGTCCCATTCACTTACATGTTCAATAACAGGATTTACATTCAGTAGCCTTTATTTACACTGGATCAGACAGAGCCCTGGAAAAGCACTGGAGTGGATTGCATACATCAGCACACAAAGTTCTCCTATTTACTATTCTCAGTCAGTCCAGGGAAGGTTCACAGTGTCCAGAGATGATTCCAGCAGTCAGCTGTACCTGCAGATGAACAACCTCAAGACTGAAGACACTGCTGTCTATTACTGTGCCACAATGGAGTGGCGCAATGCTTTTGACTACTGGGGGAAAGGAACTATGGTCACCGTCTCGTCAG	IIIIIIIIIIIIIIIIIIIIIIIIIIIIIIIIIIIIIIIIIIIIIIIIIIIIIIIIIIIIIIIIIIIIIIIIIIIIIIIIIIIIIIIIIIIIIIIIIIIIIIIIIIIIIIIIIIIIIIIIIIIIIIIIIIIIIIIIIIIIIIIIIIIIIIII<IIIIIIIIIIIIIIIIIIIIIIIIIIIIIIIIIIIIIIIIIIIIIIIIIIIIIIIIIIIIIIIIIIIIIIIIIIIIIIIIIIIIIIIIIIIIIIIIIIIIIIIIIIIIIIIIIIIIIIIIIIIIIIIIIIIIIIIIIIIIIIIIIIIIIIIIIIIIIIIIIIIIIIIIIIIIIIIIIIIIIIIIIIIIIIIIIIIIIIIIII	IGHV6-1*01(2940)	IGHD3-M*01(55)	IGHJ4-M*01(500)	IGHM*01(350)	0|294|318|0|294||2940.0	12|23|33|294|305||55.0	21|71|71|305|355||500.0		TGTCAGACATTTACTCAGTCTGAAGCTGTGGTTAAAAAACCAGGAGAGTCCCATTCACTTACATGTTCAATAACA	40	GGATTTACATTCAGTAGCCTTTAT	40	TTACACTGGATCAGACAGAGCCCTGGAAAAGCACTGGAGTGGATTGCATAC	40	ATCAGCACACAAAGTTCTCCTATT	27	TACTATTCTCAGTCAGTCCAGGGAAGGTTCACAGTGTCCAGAGATGATTCCAGCAGTCAGCTGTACCTGCAGATGAACAACCTCAAGACTGAAGACACTGCTGTCTATTAC	40	TGTGCCACAATGGAGTGGCGCAATGCTTTTGACTACTGG	40	GGGAAAGGAACTATGGTCACCGTCTCGTCAG	40	CQTFTQSEAVVKKPGESHSLTCSIT	GFTFSSLY	LHWIRQSPGKALEWIAY	ISTQSSPI	YYSQSVQGRFTVSRDDSSSQLYLQMNNLKTEDTAVYY	CATMEWRNAFDYW	GKGTMVTVSS_	::::0:75:99:150:174:285:-4:294:294:-1:1:305:305:-1:324:355::
10	1.0	0.03125	TGTGTTGAACTGATCCAGACTGATTCTTTGGTCTTGAGGCCTGGTCAGGTTTTAACTCTGTCCTGTAAAATCTCTGGATATTCAGTGACTGACAGGAGCTATTGCACTAACTTCATACGACAGGCTGCAGGAAAAGCTCTGGAATGGGTTGGAGCAATATGTGGTGATGGTAACACATATTACAGCGATAAACTGAAAAGTAGATTCACAGTTAGCAGAGACTCTTCCAGCAGCAGCGTGACTCTGAGTGGACAGAATATGCAGACTGAGGACACAGCTGTGTATTATTGCGCCAGAGAGAGTGGCGGGGCTTTTGACTACTGGGGGAAAGGAACTATGGTCACCGTCTCGTCAG	IIIIIIIIIIIIIIIIIIIIIIIIIIIIIIIIIIIIIIIIIIIIIIIIIIIIIIIIIIIIIIIIIIIIIIIIIIIIIIIIIIIIIIIIIIIIIIIIIIIIIIIIIIIIIIIIIIIIIIIIIIIIIIIIIIIIIIIIIIIIIIIIIIIIIIIIIIIIIIIIIIIIIIIIIIIII<IIIIIIII<IIIIIIIIIIIIIIIIIIIIIII<IIIIIIIIII<IIIIIIIIIIIIIIIIIIIIIIIIIIIIIIIIIIIIIIIIIIIIIIIIIIIIIIIIIIIIIIIIIIIIIIIIIIIIIIIIIIIIIIIIIIIIIIIIIIIIIIIIIIIIIIIIIIIIIIIIIIIIIIIIIIIIIIIII	IGHV5-5-2*01(3000)	IGHD3-M*01(35)	IGHJ4-M*01(460)	IGHM*01(350)	0|300|321|0|300||3000.0	16|23|33|300|307||35.0	25|71|71|309|355||460.0		TGTGTTGAACTGATCCAGACTGATTCTTTGGTCTTGAGGCCTGGTCAGGTTTTAACTCTGTCCTGTAAAATCTCT	40	GGATATTCAGTGACTGACAGGAGCTATTGC	40	ACTAACTTCATACGACAGGCTGCAGGAAAAGCTCTGGAATGGGTTGGAGCA	40	ATATGTGGTGATGGTAACACA	27	TATTACAGCGATAAACTGAAAAGTAGATTCACAGTTAGCAGAGACTCTTCCAGCAGCAGCGTGACTCTGAGTGGACAGAATATGCAGACTGAGGACACAGCTGTGTATTAT	27	TGCGCCAGAGAGAGTGGCGGGGCTTTTGACTACTGG	40	GGGAAAGGAACTATGGTCACCGTCTCGTCAG	40	CVELIQTDSLVLRPGQVLTLSCKIS	GYSVTDRSYC	TNFIRQAAGKALEWVGA	ICGDGNT	YYSDKLKSRFTVSRDSSSSSVTLSGQNMQTEDTAVYY	CARESGGAFDYW	GKGTMVTVSS_	::::0:75:105:156:177:288:-1:300:300:-5:1:307:309:-5:324:355::
11	1.0	0.03125	TGTGTTGAACTGACCCAGACTGATTCTTTGGTCTTGAGGCCTGGTCAAGTGTTGACTCTGTCCTGTAAAATCTCTGGATATTCAGTGACCGATAGTAGCTACTGCACAAACTTCATACGACAGGCTGCAGGAAAAGGTCTGGAATGGATTGGGAGGATCTGTGGTAATGGTAGCACATATTACAGCGATAAACTGAAAAGTAGATTCACAGTTAGCAGAGACTCTTCCAGCAGCAGCGTGACTCTGAGTGGACAGAATATGCAGACTGAGGACACAGCTGTGTATTACTGCGCCAGACTACGAAACTACTTTGACTACTGGGGTAAAGGAACCAAAGTGACAGTTTCCTCAG	IIIIIIIIIIIIIIIIIIIIIIIIIIIIIIIIIIIIIIIIIIIIIIIIIIIIIIIIIIIIIIIIIIIIIIIIIIIIIIIIIIIIIIIIIIIIIIIIIIIIIIIIIIIIIIIIIIIIIIIIIIIIIIIIIIIIIIIIIIIIIIIIIIIIIIIIIIIIIIIIIIIIIIIIIIIIIIIIIIIIIIII<<IIIIIIIIIIIIIIII<III<IIIIIIIIIIIIIIIIIIIIIIIIIIIIIIIIIIIIIIIIIIIIIIIIIIIIIIIIIIIIIIIIIIIIIIIIIIIIIIIIIIIIIIIIIIIIIIIIIIIIIIIIIIIIIIIIIIIIIIIIIIIIIIIIIIIIIIIIIIIIIIIII	IGHV5-5-1*01(2883)	IGHD5-M*01(30)	IGHJ1-M*01(480)	IGHM*01(350)	0|297|321|0|297|SC92TSC136GSG166A|2883.0	15|21|33|297|303||30.0	23|71|71|304|352||480.0		TGTGTTGAACTGACCCAGACTGATTCTTTGGTCTTGAGGCCTGGTCAAGTGTTGACTCTGTCCTGTAAAATCTCT	40	GGATATTCAGTGACCGATAGTAGCTACTGC	40	ACAAACTTCATACGACAGGCTGCAGGAAAAGGTCTGGAATGGATTGGGAGG	40	ATCTGTGGTAATGGTAGCACA	40	TATTACAGCGATAAACTGAAAAGTAGATTCACAGTTAGCAGAGACTCTTCCAGCAGCAGCGTGACTCTGAGTGGACAGAATATGCAGACTGAGGACACAGCTGTGTATTAC	27	TGCGCCAGACTACGAAACTACTTTGACTACTGG	40	GGTAAAGGAACCAAAGTGACAGTTTCCTCAG	40	CVELTQTDSLVLRPGQVLTLSCKIS	GYSVTDSSYC	TNFIRQAAGKGLEWIGR	ICGNGST	YYSDKLKSRFTVSRDSSSSSVTLSGQNMQTEDTAVYY	CARLRNYFDYW	GKGTKVTVSS_	::::0:75:105:156:177:288:-4:297:297:-4:-1:303:304:-3:321:352::
12	1.0	0.03125	TGTGTTGAACTGACCCAGACTGATTCTTTGGTCTTGAGGCCTGGTCAAGTGTTGACTCTGTCCTGTAAAATCTCTGGATATTCAGTGACCGACAGTAGCTACTGCACAAACTTCATACGACAGGCCGCAGGAAAAGCTCTGGAATGGATTGGGAGGATCTGTGGTAGTGGTAGCACATATTACAGCGATAAACTGAAAAGTAGATTCACAGTTAGCAGAGACTCTTCCAGCAGCAGCGTGACTCTGAGTGGACAGAATATGCAGACTGAGGACACAGCTGTGTATTACTGCGCCAGAGTGGAGTGGCGCTGGGCGTTCGACTACTGGGGAAGCGGCACCAAAGTCTCCGTAACAAACA	IIIIIIIIIIIIIIIIIIIIIIIIIIIIIIIIIIIIIIIIIIIIIIIIIIIIIIIIIIIIIIIIIIIIIIIIIIIIIIIIIIIIIIIIIIIIIIIIIIIIIIIIIIIIIIIIIIIIIIIIIIIIIIIIIIIIIIII<IIIIIIIIIIIIIIIIIIIIIIIIIIIIIIIIIIIIII<IIIIIIIIII<IIIIIII<IIII<II<IIIIIIIIIIIIIIIIIIIIIIIIIIIIIIIIIIIIIIIIIIIIIIIIIIIIIIIIIIIIIIIIIIIIIIIIIIIIIIIIIIIIIIIIIIIIIIIIIIIIIIIIIIIIIIIIIIIIIIIIIIIIIIIIIIIIIIIIIIIIIIIIIIIIIIIIIII	IGHV5-5-1*01(2951)	IGHD3-M*01(50)	IGHJ5-M*01(500)	IGHM*01(350)	0|298|321|0|298|ST125C|2951.0	13|23|33|298|308||50.0	23|73|73|308|358||500.0		TGTGTTGAACTGACCCAGACTGATTCTTTGGTCTTGAGGCCTGGTCAAGTGTTGACTCTGTCCTGTAAAATCTCT	40	GGATATTCAGTGACCGACAGTAGCTACTGC	40	ACAAACTTCATACGACAGGCCGCAGGAAAAGCTCTGGAATGGATTGGGAGG	27	ATCTGTGGTAGTGGTAGCACA	27	TATTACAGCGATAAACTGAAAAGTAGATTCACAGTTAGCAGAGACTCTTCCAGCAGCAGCGTGACTCTGAGTGGACAGAATATGCAGACTGAGGACACAGCTGTGTATTAC	27	TGCGCCAGAGTGGAGTGGCGCTGGGCGTTCGACTACTGG	40	GGAAGCGGCACCAAAGTCTCCGTAACAAACA	40	CVELTQTDSLVLRPGQVLTLSCKIS	GYSVTDSSYC	TNFIRQAAGKALEWIGR	ICGSGST	YYSDKLKSRFTVSRDSSSSSVTLSGQNMQTEDTAVYY	CARVEWRWAFDYW	GSGTKVSVTN_	::::0:75:105:156:177:288:-3:298:298:-2:1:308:308:-3:327:358::
13	1.0	0.03125	TGTATTGAACTGGATCAACCTCTAGTCACGGTAGTAAAGCCAGGTGAAACATTCACCATCCCCTGTAAGATCACTGGATATTCAGCCTCAGGTGGTGGCTATACAAACTGGATCAGACATTCAGCTGGAAAACCCATGGAATGGATTGGCTGGTTTCAATCTTCCAGTAGCAACGGTGTCAAAGATTCACTAAAGAATAAAATCAGTTTCTCTTCTGAATCCTCCAGCAATGCAGTTATTTTAACAGGAAAAAACTTCAACACTGAGGACACAGCTGTGTATTACTGTGCTCGGGGCATGGAGAACTGGGCGTTCGACTACTGGGGAAGCGGCACCAAAGTCTCCGTAACAAACA	IIIIIIIIIIIIIIIIIIIIIIIIIIIIIIIIIIIIIIIIIIIIIIIIIIIIIIIIIIIIIIIIIIIIIIIIIIIIIIIIIIIIIIIIIIIIIIIIIIIIIIIIIIIIIIIIIIIIIIIIIIIIIIIIIIIIIIIIIIIIIIIIIIIIIIIIIIIIIIIIIIIIIIIIIIIIIII<<IIIIIIIIIIIIIIIIIIIIIIIIIIIIIIIIIIIIIIIIIIIIIIIIIIIIIIIIIIIIIIIIIIIIIIIIIIIIIIIIIIIIIIIIIIIIIIIIIIIIIIIIIIIIIIIIIIIIIIIIIIIIIIIIIIIIIIIIIIIIIIIIIIIIIIIIIIIIIIIIIIIIIIIIIIIIIIIIII	IGHV8-4*01(2930)	IGHD3-M*01(40)	IGHJ5-M*01(520)	IGHM*01(350)	0|293|318|0|293||2930.0	10|18|33|295|303||40.0	21|73|73|303|355||520.0		TGTATTGAACTGGATCAACCTCTAGTCACGGTAGTAAAGCCAGGTGAAACATTCACCATCCCCTGTAAGATCACT	40	GGATATTCAGCCTCAGGTGGTGGCTAT	40	ACAAACTGGATCAGACATTCAGCTGGAAAACCCATGGAATGGATTGGCTGG	40	TTTCAATCTTCCAGTAGCAAC	40	GGTGTCAAAGATTCACTAAAGAATAAAATCAGTTTCTCTTCTGAATCCTCCAGCAATGCAGTTATTTTAACAGGAAAAAACTTCAACACTGAGGACACAGCTGTGTATTAC	27	TGTGCTCGGGGCATGGAGAACTGGGCGTTCGACTACTGG	40	GGAAGCGGCACCAAAGTCTCCGTAACAAACA	40	CIELDQPLVTVVKPGETFTIPCKIT	GYSASGGGY	TNWIRHSAGKPMEWIGW	FQSSSSN	GVKDSLKNKISFSSESSSNAVILTGKNFNTEDTAVYY	CARGMENWAFDYW	GSGTKVSVTN_	::::0:75:102:153:174:285:-5:293:295:1:-4:303:303:-1:324:355::
14	1.0	0.03125	CAAGGCATGGAGTCGATTGAAAGCTCAGTTCAGAAAAAGCCTGGAGAAACTCTGACTCTGTCCTGTAGAGGATCCGGGTTCAGCTTTGACTGCTGTAGCATGCACTGGATCAGACAACAAGCTGGAAAACCTCTTGTGTGGATGGGTCTGGGATACAGTTCTGGAAATGGGCATAAGGCAGAATCCTTTAAGGAGAGGCTGGAAATCAGCAGAGATGATTCAAAAAGCATGATGTATATGAAACTGTCTGGACTGACAGAGGAGGACTCGGCTGTGTATTACTGTGCAAAACAAGCCTTCTACTACTTTGACTACTGGGGTAAAGGAACCAAAGTGACAGTTTCCTCAG	IIIIIIIIIIIIIIIIIIIIIIIIIIIIIIIIIIIIIIIIIIIIIIIIIIIIIIIIIIIIIIIIIIIIIIIIIIIIIIIIIIIIIIIIIIIIIIIIIIIIIIIIIIIIIIIIIIIIIIIIIIIIIIIIIIII<IIII<IIIIII<IIIIII<IIIIIIII<IIIIIIIIIIIIIIIII<IIIIIIIIIIIIIII<I<IIIIIIIIIIIIIIIIIIIIIIIIIIIIIIIIIIIIIIIIIIIIIIIIIIIIIIIIIIIIIIIIIIIIIIIIIIIIIIIIIIIIIIIIIIIIIIIIIIIIIIIIIIIIIIIIIIIIIIIIIIIIIIIIIIIIIIIIIIIIIIIIIIIIIIII	IGHV4-2*01(2960)		IGHJ1-M*01(500)	IGHM*01(350)	0|296|315|0|296||2960.0		21|71|71|299|349||500.0		CAAGGCATGGAGTCGATTGAAAGCTCAGTTCAGAAAAAGCCTGGAGAAACTCTGACTCTGTCCTGTAGAGGATCC	40	GGGTTCAGCTTTGACTGCTGTAGC	40	ATGCACTGGATCAGACAACAAGCTGGAAAACCTCTTGTGTGGATGGGTCTG	27	GGATACAGTTCTGGAAATGGG	27	CATAAGGCAGAATCCTTTAAGGAGAGGCTGGAAATCAGCAGAGATGATTCAAAAAGCATGATGTATATGAAACTGTCTGGACTGACAGAGGAGGACTCGGCTGTGTATTAC	27	TGTGCAAAACAAGCCTTCTACTACTTTGACTACTGG	40	GGTAAAGGAACCAAAGTGACAGTTTCCTCAG	40	QGMESIESSVQKKPGETLTLSCRGS	GFSFDCCS	MHWIRQQAGKPLVWMGL	GYSSGNG	HKAESFKERLEISRDDSKSMMYMKLSGLTEEDSAVYY	CAKQAFYYFDYW	GKGTKVTVSS_	::::0:75:99:150:171:282:1:296:::::299:-1:318:349::
15	1.0	0.03125	CAAGGCATGGAATCAATTGAAAGCTCAGTTCAGAAAAAGCCTGGAGAAACTCTGACTCTGTCCTGTAGAGGATCCGGATTCACCTTTAGCTACTATCACATGCACTGGATCAGACAACAAGCTGGAAAACCTCTTGTATGGATTGGACACACTGGCCAAAACTATGCTGAATCCTTCAAAAGAAGAGCTGAAATCACCAAAGATAATTCAAAGAGTATGACATATCTGAAACTATCAGGCCTGACACCAGAAGATTCAGCCGTGTATTACTGTGCAAGAGAATATTATAACTGTGCCTTTGACTACTGGGGAAAGGGAACAATGGTCACTGTCACATCAG	IIIIIIIIIIIIIIIIIIIIIIIIIIIIIIIIIIIIIIIIIIIIIIIIIIIIIIIIIIIIIIIIIIIIIIIIIIIIIIIIIIIIIIIIIIIIIIIIIIIIIIIIIIIIIIIIIIIIIIIIIIIIIIIIIIIIIIIIIIIIIIIIIIIIIIIIIIIIIIIIIIIIIIIIIIIIIIIIIIIIIIIIIIIIIIIIIIIIIIIIIIIIIIIIIIIIIIIIIIIIIIIIIIIIIIIIIIIIIIIIIIIIIIIIIIIIIIIIIIIIIIIIIIIIIIIIIIIIIIIIIIIIIIIIIIIIIIIIIIIIIIIIIIIIIIIIIIIIIIIIIIIIIIIIIIIIIIIIIIII	IGHV4-6-1*01(2773)		IGHJ2-M*01(481)	IGHM*01(350)	0|286|303|0|286|SG11ASG77ASG180A|2773.0		20|71|71|289|340|SG22T|481.0		CAAGGCATGGAATCAATTGAAAGCTCAGTTCAGAAAAAGCCTGGAGAAACTCTGACTCTGTCCTGTAGAGGATCC	40	GGATTCACCTTTAGCTACTATCAC	40	ATGCACTGGATCAGACAACAAGCTGGAAAACCTCTTGTATGGATTGGA	40	CACACTGGCCAA	40	AACTATGCTGAATCCTTCAAAAGAAGAGCTGAAATCACCAAAGATAATTCAAAGAGTATGACATATCTGAAACTATCAGGCCTGACACCAGAAGATTCAGCCGTGTATTAC	40	TGTGCAAGAGAATATTATAACTGTGCCTTTGACTACTGG	40	GGAAAGGGAACAATGGTCACTGTCACATCAG	40	QGMESIESSVQKKPGETLTLSCRGS	GFTFSYYH	MHWIRQQAGKPLVWIG	HTGQ	NYAESFKRRAEITKDNSKSMTYLKLSGLTPEDSAVYY	CAREYYNCAFDYW	GKGTMVTVTS_	::::0:75:99:147:159:270:3:286:::::289:0:309:340::
16	1.0	0.03125	CAAAGTATGGAGTCGATTGAAAGCTCAGTGCAGAGAAAGCCTGGAGAAACTCTGACTCTGTCCTGCAGAGGATCCGGGTTCAGCTTTAGCTCCTATTACATGCACTGGATCAGGCAACAAGCTGGAAAACCTCTTGTGTGGATTGGAGGCACTGGCTATGGCTATGCTGAATCCTTTAAAGGAAGAGCTGAAATCACCAGAGATAATTCAAAGAGTATGACATATCTGAAACTATCAGGTCTGACAGTAGAAGATTCAGCCGTGTATTACTGTGCAAGGCAGTATAACAGGGACTACTTTGACTACTGGGGTAAAGGAACCAAAGTGACAGTTTCCTCAG	IIIIIIIIIIIIIIIIIIIIIIIIIIIIIIIIIIIIIIIIIIIIIIIIIIIIIIIIIIIIIIIIIIIIIIIIIIIIIIIIIIIIIIIIIIIIIIIIIIIIIIIIIIIIIIIIIIIIIIIIIIIIIIIIIIIIIIIIIIIIIIIIIIIIIIIIIIIIIIIIIIIIIIIIIIIIIIIIIIIIIIIIIIIIIIIIIIIIIIIIIIIIIIIIIIIIIIIIIIIIIIIIIIIIIIIIIIIIIIIIIIIIIIIIIIIIIIIIIIIIIIIIIIIIIIIIIIIIIIIIIIIIIIIIIIIIIIIIIIIIIIIIIIIIIIIIIIIIIIIIIIIIIIIIIIIIIIIIIIII	IGHV4-6-3*01(2792)	IGHD2-M*01(25)	IGHJ1-M*01(480)	IGHM*01(350)	0|285|303|0|285|SA278GSA281G|2792.0	18|23|36|285|290||25.0	23|71|71|292|340||480.0		CAAAGTATGGAGTCGATTGAAAGCTCAGTGCAGAGAAAGCCTGGAGAAACTCTGACTCTGTCCTGCAGAGGATCC	40	GGGTTCAGCTTTAGCTCCTATTAC	40	ATGCACTGGATCAGGCAACAAGCTGGAAAACCTCTTGTGTGGATTGGA	40	GGCACTGGCTAT	40	GGCTATGCTGAATCCTTTAAAGGAAGAGCTGAAATCACCAGAGATAATTCAAAGAGTATGACATATCTGAAACTATCAGGTCTGACAGTAGAAGATTCAGCCGTGTATTAC	40	TGTGCAAGGCAGTATAACAGGGACTACTTTGACTACTGG	40	GGTAAAGGAACCAAAGTGACAGTTTCCTCAG	40	QSMESIESSVQRKPGETLTLSCRGS	GFSFSSYY	MHWIRQQAGKPLVWIG	GTGY	GYAESFKGRAEITRDNSKSMTYLKLSGLTVEDSAVYY	CARQYNRDYFDYW	GKGTKVTVSS_	::::0:75:99:147:159:270:2:285:285:-6:-1:290:292:-3:309:340::
17	1.0	0.03125	GGCATCTCCCTGACCTCGTCTCCTGCACAGATTAAAGCTGCTGGTCAGTCGGTCAGGTTGTCCTGTCAGATTTCTGGATACGCTCTCACAGATTATGGCACAGCTTGGATCAGACATCCTCCTGGCAAAGCCATGGAGTGGATCGGGATCATATGGGGTAGTGGATCAATAGCCTCTGGGAACTCCTTCAAGAGTCGCTTCACTATTTCCAGAGACACGGGCAAAAATGAGCTGTACTTAGACATTAGCAGCCTGCAGACTGAGGACACAGCTGTGTATTATTGTGCAAAGACAGCCGTAACTACGACTGCTTTTGACTACTGGGGGAAAGGAACTATGGTCACCGTCTCGTCAG	IIIIIIIIIIIIIIIIIIIIIIIIIIIIIIIIIIIIIIIIIIIIIIIIIIIIIIIIIIIIIIIIIIIIIIIIIIIIIIIIIIIIIIIIIIIIIIIIIIIIIIIIIIIIIIIIIIIIIIIIIIIIIIIIIIIIIIIIIIIIIIIIIIIIIIIIIII<IIIIIIIIII<IIIIIIIIIIIIIIIIIIIIIIIIIIII<IIIIIIIIIIIIIIIIIIIIIIIIIIIIIIIIIIIIIIIIIIIIIIIIIIIIIIIIIIIIIIIIIIIIIIIIIIIIIIIIIIIIIIIIIIIIIIIIIIIIIIIIIIIIIIIIIIIIIIIIIIIIIIIIIIIIIIIIIIIIIIIIIIIIIIIIIIIIIII	IGHV13S2*01(2960)	IGHD5-M*01(50)	IGHJ4-M*01(470)	IGHM*01(350)	0|296|316|0|296||2960.0	12|22|33|298|308||50.0	24|71|71|308|355||470.0		GGCATCTCCCTGACCTCGTCTCCTGCACAGATTAAAGCTGCTGGTCAGTCGGTCAGGTTGTCCTGTCAGATTTCT	40	GGATACGCTCTCACAGATTATGGC	40	ACAGCTTGGATCAGACATCCTCCTGGCAAAGCCATGGAGTGGATCGGG	40	ATCATATGGGGTAGTGGATCAATA	27	GCCTCTGGGAACTCCTTCAAGAGTCGCTTCACTATTTCCAGAGACACGGGCAAAAATGAGCTGTACTTAGACATTAGCAGCCTGCAGACTGAGGACACAGCTGTGTATTAT	27	TGTGCAAAGACAGCCGTAACTACGACTGCTTTTGACTACTGG	40	GGGAAAGGAACTATGGTCACCGTCTCGTCAG	40	GISLTSSPAQIKAAGQSVRLSCQIS	GYALTDYG	TAWIRHPPGKAMEWIG	IIWGSGSI	ASGNSFKSRFTISRDTGKNELYLDISSLQTEDTAVYY	CAKTAVTTTAFDYW	GKGTMVTVSS_	::::0:75:99:147:171:282:0:296:298:-1:0:308:308:-4:324:355::
18	1.0	0.03125	ATTGTGCTCACACAGTCTGAACAGTCAGTAAGTGTGTCTCCGAGCGGATCTGTTAAGCTGACCTGTGCATGCAGTGGATTCACTCTCAGTAGCTACTGGATGTTCTGGATCCGTCAGACACCAGGAAAAGGACTGGAATTGATCTTGAACTATTTATCAGATTCTGACAAAAGTTCAGCTCAGTCAGTGCAGGGAAGATTTACTGCATCTAAAGACAGCTCTAATTTTTATCTGCACATGAATCAACTGAAGACTGAGGACACTGGGGTGTATTACTGTGCAACATACTCTATGGAGTGGAACTACTACTTTGACTACTGGGGTAAAGGAACCAAAGTGACAGTTTCCTCAG	IIIIIIIIIIIIIIIIIIIIIIIIIIIIIIIIIIIIIIIIIIIIIIIIIIIIIIIIIIIIIIIIIIIIIIIIIIIIIIIIIIIIIIIIIIIIIIIIIIIIIIIIIIIIIIIIIIIIIIIIIIIIIIIIIIIIIIIIIIIIIIIIIIIII<IIIIIIIII<IIIIIIIIIIIIIII<I<I<IIIIIIII<IIIIIII<IIIIIII<II<IIIIIIIIIIIIIIIIIIIIIIIIIIIIIIIIIIIIIIIIIIIIIIIIIIIIIIIIIIIIIIIIIIIIIIIIIIIIIIIIIIIIIIIIIIIIIIIIIIIIIIIIIIIIIIIIIIIIIIIIIIIIIIIIIIIIIIIIIIIIIIII	IGHV9-3*01(2880)	IGHD2-Z1*01(25)	IGHJ1-M*01(512)	IGHM*01(350)	0|288|313|0|288||2880.0	20|25|48|290|295||25.0	14|71|71|295|352|SA17GST19A|512.0		ATTGTGCTCACACAGTCTGAACAGTCAGTAAGTGTGTCTCCGAGCGGATCTGTTAAGCTGACCTGTGCATGCAGT	40	GGATTCACTCTCAGTAGCTACTGG	40	ATGTTCTGGATCCGTCAGACACCAGGAAAAGGACTGGAATTGATCTTGAAC	27	TATTTATCAGATTCTGACAAAAGT	27	TCAGCTCAGTCAGTGCAGGGAAGATTTACTGCATCTAAAGACAGCTCTAATTTTTATCTGCACATGAATCAACTGAAGACTGAGGACACTGGGGTGTATTAC	27	TGTGCAACATACTCTATGGAGTGGAACTACTACTTTGACTACTGG	40	GGTAAAGGAACCAAAGTGACAGTTTCCTCAG	40	IVLTQSEQSVSVSPSGSVKLTCACS	GFTLSSYW	MFWIRQTPGKGLELILN	YLSDSDKS	SAQSVQGRFTASKDSSNFYLHMNQLKTEDTGVYY	CATYSMEWNYYFDYW	GKGTKVTVSS_	::::0:75:99:150:174:276:-5:288:290:-4:-7:295:295:6:321:352::
19	1.0	0.03125	ATTGTGCTCACACAGTCTGAACAGTCAGTAAGTGTGTCTCCGAGAGGATCTGTTAAGCTGACCTGTGCATGCAGTGGATTCACTCTTAGTAGCTACAGGATGCACTGGATCCGTCAGGCACCAGGAAAAGGACTGGAATGGATTTTGCACTTTTATTCAAATTCTGACAATGGTGCAGCTCAGTCAGTGCAGGGCAGATTCACAGCATCTAAAGACAGCTCTAATTTCTATCTGCACATGAATCAACTGAAGACTGAGGACACTGCAGTGTATTACTGTGCAAGAGAATGGAGTGGCTGGGCGTTCGACTACTGGGGAAGCGGCACCAAAGTCTCCGTAACAAACA	IIIIIIIIIIIIIIIIIIIIIIIIIIIIIIIIIIIIIIIIIIIIIIIIIIIIIIIIIIIIIIIIIIIIIIIIIIIIIIIIIIIIIIIIIIIIIIIIIIIIIIIIIIIIIIIIIIIIIIIIIIIIIIIIIIIIIIIIIIIIIIIIIIIIIIIIIIIIIIIIIIIIIIIIIIIIIII<IIII<IIIIIIIIIIIII<IIIIIIIIIIIII<IIIIIIIIIIIIIIIIIIIIIIIIIIIIIIIIIIIIIIIIIIIIIIIIIIIIIIIIIIIIIIIIIIIIIIIIIIIIIIIIIIIIIIIIIIIIIIIIIIIIIIIIIIIIIIIIIIIIIIIIIIIIIIIIIIIIIIIII	IGHV9-1*01(2870)	IGHD3-M*01(45)	IGHJ5-M*01(500)	IGHM*01(350)	0|287|309|0|287||2870.0	12|21|33|287|296||45.0	23|73|73|296|346||500.0		ATTGTGCTCACACAGTCTGAACAGTCAGTAAGTGTGTCTCCGAGAGGATCTGTTAAGCTGACCTGTGCATGCAGT	40	GGATTCACTCTTAGTAGCTACAGG	40	ATGCACTGGATCCGTCAGGCACCAGGAAAAGGACTGGAATGGATTTTG	40	CACTTTTATTCAAATTCTGACAAT	40	GGTGCAGCTCAGTCAGTGCAGGGCAGATTCACAGCATCTAAAGACAGCTCTAATTTCTATCTGCACATGAATCAACTGAAGACTGAGGACACTGCAGTGTATTAC	27	TGTGCAAGAGAATGGAGTGGCTGGGCGTTCGACTACTGG	40	GGAAGCGGCACCAAAGTCTCCGTAACAAACA	40	IVLTQSEQSVSVSPRGSVKLTCACS	GFTLSSYR	MHWIRQAPGKGLEWIL	HFYSNSDN	GAAQSVQGRFTASKDSSNFYLHMNQLKTEDTAVYY	CAREWSGWAFDYW	GSGTKVSVTN_	::::0:75:99:147:171:276:-2:287:287:-1:-1:296:296:-3:315:346::
